District;Soil Type;pH Level;Organic Matter (%);Nitrogen Content (kg/ha);Phosphorus Content (kg/ha);Potassium Content (kg/ha)
West District;Silty;6.17;2.05;34.42;15.2;23.81
North District;Silty;7.42;1.56;43.19;10.24;18.71
South District;Silty;7.26;2.9;41.89;10.44;22.79
West District;Loamy;6.92;2.5;40.58;15.49;20.07
South District;Loamy;7.26;2.86;42.98;15.13;21.37
South District;Silty;6.88;2.67;42.24;14.98;23.44
East District;Silty;6.29;2.65;43.01;16.31;23.47
West District;Clayey;7.4;2.89;42.9;14.27;23.37
East District;Clayey;6.84;1.94;40.25;16.0;23.43
East District;Sandy Loam;6.57;2.17;37.0;15.25;22.48
West District;Sandy Loam;7.36;2.38;37.48;11.18;21.44
South District;Sandy Loam;6.77;1.94;34.67;10.32;22.43
North District;Loamy;7.32;1.71;30.74;10.64;24.41
North District;Sandy Loam;6.93;1.8;39.25;13.83;22.71
West District;Loamy;7.23;1.54;30.58;17.55;23.97
North District;Clayey;6.84;2.9;44.1;10.94;20.13
North District;Silty;6.01;2.84;39.83;13.52;21.86
North District;Sandy Loam;6.95;2.59;33.17;11.74;23.99
North District;Silty;6.93;2.71;44.8;14.84;22.98
South District;Silty;6.25;2.52;31.15;14.62;21.33
West District;Clayey;6.22;2.58;44.77;13.59;23.68
West District;Sandy Loam;6.48;2.22;44.0;13.93;18.27
East District;Silty;6.66;2.38;36.02;15.15;21.34
North District;Sandy Loam;6.93;1.86;44.2;15.56;24.03
North District;Clayey;6.37;1.66;32.61;13.78;23.8
North District;Loamy;7.1;2.08;35.08;12.18;21.89
North District;Loamy;7.41;2.98;39.94;14.41;22.1
North District;Loamy;6.29;2.49;32.24;15.9;18.07
South District;Silty;6.83;2.26;41.76;14.68;20.95
South District;Clayey;6.17;2.67;33.43;17.5;21.47
South District;Silty;7.08;2.57;40.66;13.12;24.2
North District;Loamy;6.91;2.56;37.06;15.95;21.09
South District;Sandy Loam;6.26;1.6;42.09;14.63;24.86
East District;Silty;6.07;2.6;38.99;11.28;21.6
West District;Loamy;6.09;2.09;41.19;17.15;22.42
East District;Sandy Loam;6.6;2.76;40.69;13.69;18.98
South District;Clayey;6.94;1.87;36.18;14.74;24.65
South District;Silty;6.43;2.89;36.42;11.55;19.88
East District;Clayey;6.37;2.98;41.39;15.43;19.84
North District;Sandy Loam;7.36;2.19;39.06;11.26;24.58
South District;Clayey;6.15;2.44;38.62;11.03;18.62
East District;Loamy;7.0;2.9;33.55;13.46;21.94
East District;Clayey;6.57;2.85;39.22;11.89;22.83
South District;Clayey;6.54;2.37;33.68;16.17;19.18
East District;Sandy Loam;6.23;2.59;44.73;11.97;24.22
South District;Silty;7.05;1.79;30.64;13.51;21.41
South District;Clayey;7.23;2.11;38.11;16.04;22.62
West District;Sandy Loam;6.95;1.69;43.76;12.41;21.02
East District;Silty;6.16;2.11;38.68;10.88;21.3
North District;Clayey;6.17;2.15;41.53;17.99;23.58
South District;Clayey;6.02;2.48;42.07;13.92;22.65
South District;Loamy;6.59;1.6;34.3;14.24;21.85
East District;Silty;7.5;2.81;35.72;14.63;24.43
West District;Clayey;6.24;1.72;31.45;15.6;19.37
South District;Sandy Loam;7.24;2.51;31.48;16.29;24.84
North District;Sandy Loam;6.4;2.63;34.26;12.7;19.62
North District;Silty;6.74;2.89;33.83;15.96;22.2
East District;Clayey;6.43;1.82;36.47;15.19;18.25
West District;Loamy;6.01;1.71;44.51;11.45;21.81
West District;Silty;7.26;2.48;43.66;17.13;20.16
South District;Loamy;6.88;2.0;43.15;12.73;24.17
West District;Clayey;6.93;2.25;39.01;10.22;20.72
South District;Loamy;6.96;2.66;42.04;11.11;21.64
East District;Loamy;6.83;2.99;44.75;17.64;22.95
South District;Sandy Loam;6.52;2.0;33.47;11.97;20.1
North District;Silty;6.84;2.35;39.65;14.9;21.21
North District;Clayey;7.34;2.49;44.14;15.4;18.28
West District;Clayey;6.28;2.77;37.06;14.15;18.37
West District;Sandy Loam;6.45;1.87;33.75;14.85;18.4
East District;Loamy;6.61;2.96;39.6;15.05;19.61
South District;Clayey;6.76;1.75;30.98;16.58;24.29
South District;Loamy;6.07;2.02;33.31;17.59;19.81
West District;Silty;7.12;1.79;42.2;10.09;23.91
South District;Silty;6.96;1.82;36.32;17.42;21.97
North District;Silty;7.5;2.54;34.64;15.33;20.8
West District;Silty;6.15;2.37;34.27;10.02;18.83
South District;Silty;6.54;2.04;31.3;14.8;19.41
South District;Loamy;6.95;2.8;44.85;17.14;20.73
West District;Loamy;6.82;2.85;31.31;13.28;21.75
North District;Loamy;6.8;2.7;37.83;14.88;24.42
North District;Silty;6.74;2.64;44.87;14.36;22.06
West District;Loamy;6.6;2.08;39.32;14.83;19.96
South District;Sandy Loam;6.58;2.51;38.2;12.53;21.76
North District;Clayey;6.61;1.65;32.07;10.67;24.91
East District;Sandy Loam;6.75;2.78;41.74;10.84;23.91
South District;Clayey;6.3;1.55;44.9;13.17;18.12
North District;Sandy Loam;6.38;2.62;42.83;16.86;19.18
North District;Loamy;7.32;2.27;43.31;14.52;23.61
North District;Loamy;7.49;2.04;37.17;15.47;21.47
East District;Silty;6.44;2.83;44.84;10.41;20.86
South District;Loamy;7.03;2.51;32.88;14.4;23.46
South District;Clayey;7.23;1.5;43.31;13.87;19.83
West District;Sandy Loam;6.92;1.63;44.66;14.95;18.49
West District;Silty;6.61;2.79;30.02;15.8;22.41
South District;Loamy;7.37;2.16;36.52;10.14;18.68
South District;Sandy Loam;6.49;1.77;40.17;17.94;20.4
East District;Loamy;6.13;2.89;30.49;12.16;19.01
West District;Silty;6.21;2.86;42.54;10.02;20.98
West District;Silty;6.92;2.5;35.0;12.91;22.78
North District;Loamy;7.27;1.63;31.99;11.99;19.93
West District;Sandy Loam;6.65;2.62;39.8;17.81;20.24
North District;Loamy;6.25;1.77;35.03;13.49;21.63
West District;Loamy;7.35;2.3;34.16;11.72;20.64
West District;Loamy;6.15;2.49;42.48;16.0;23.01
East District;Sandy Loam;6.81;1.74;39.55;12.29;18.47
South District;Sandy Loam;7.41;2.27;38.12;15.34;22.24
South District;Sandy Loam;6.75;2.63;41.6;11.55;24.87
West District;Loamy;6.31;2.04;35.73;10.82;20.06
West District;Sandy Loam;6.29;1.78;44.17;17.53;20.27
East District;Silty;6.25;1.67;30.82;15.86;19.04
South District;Silty;7.01;1.68;38.19;13.74;19.13
West District;Silty;6.37;2.03;43.16;14.41;19.77
South District;Clayey;6.9;1.67;41.1;11.77;18.76
South District;Silty;6.43;1.92;43.46;12.21;19.16
South District;Sandy Loam;6.92;2.82;41.63;10.29;18.58
East District;Clayey;7.12;1.81;34.83;10.55;24.52
West District;Loamy;7.39;2.0;42.69;13.01;23.34
West District;Clayey;7.01;2.29;30.11;17.32;24.41
South District;Silty;7.17;1.51;42.73;11.97;23.54
North District;Sandy Loam;6.05;1.57;40.76;13.19;21.69
North District;Loamy;6.67;1.69;37.6;15.41;19.97
West District;Loamy;7.31;1.77;38.94;13.62;19.35
North District;Silty;6.14;1.84;42.72;17.62;20.92
West District;Clayey;6.79;2.69;36.2;14.15;23.64
West District;Clayey;6.98;1.63;33.64;14.03;23.36
North District;Loamy;7.47;1.95;41.96;10.6;23.43
North District;Silty;6.88;2.63;36.99;12.9;20.36
West District;Loamy;6.73;2.78;34.93;15.27;24.32
South District;Clayey;6.26;2.56;35.06;16.18;24.42
West District;Loamy;7.39;1.73;40.87;11.86;22.41
South District;Silty;6.72;1.74;32.56;14.08;18.9
East District;Loamy;7.33;2.09;42.91;13.31;22.03
East District;Clayey;6.8;1.94;40.18;17.17;21.93
East District;Clayey;6.25;2.59;39.88;10.58;19.2
West District;Loamy;7.45;2.26;33.5;12.86;20.86
East District;Silty;6.28;2.5;42.05;11.14;22.46
South District;Loamy;7.18;2.34;38.39;15.98;23.88
West District;Sandy Loam;6.59;1.93;40.84;15.51;21.04
East District;Sandy Loam;7.11;1.74;41.11;17.77;22.81
North District;Sandy Loam;6.44;2.49;39.72;10.68;21.9
West District;Loamy;6.83;2.57;30.86;13.55;22.41
South District;Sandy Loam;6.48;1.85;34.53;17.22;21.51
South District;Sandy Loam;6.61;2.58;34.24;15.58;21.44
East District;Loamy;6.03;2.33;41.62;16.81;23.23
South District;Clayey;7.49;2.65;33.67;16.07;21.31
South District;Silty;6.38;2.84;31.7;17.95;20.25
South District;Silty;6.54;2.88;42.37;15.09;20.88
East District;Sandy Loam;7.13;1.78;44.02;15.24;19.7
South District;Silty;7.29;2.77;39.25;13.1;20.13
South District;Loamy;6.38;2.39;33.42;14.91;18.51
South District;Silty;7.11;2.33;44.42;10.21;20.42
South District;Clayey;7.11;1.58;41.99;16.5;19.52
North District;Sandy Loam;6.74;1.66;40.96;13.24;22.21
North District;Loamy;7.1;2.29;37.0;10.05;19.31
East District;Silty;6.65;1.96;36.07;13.24;21.13
East District;Sandy Loam;6.66;1.61;36.09;14.44;18.25
East District;Loamy;6.12;2.32;39.88;10.12;23.68
South District;Silty;6.75;1.7;34.78;13.7;22.56
South District;Silty;6.49;2.74;37.22;11.95;22.07
North District;Clayey;7.0;2.03;31.05;14.87;24.93
North District;Silty;6.64;2.42;42.56;10.14;18.61
South District;Loamy;6.32;1.8;41.67;17.2;21.96
West District;Clayey;7.14;2.94;32.72;11.21;18.71
South District;Silty;7.11;2.53;30.47;13.77;24.52
East District;Sandy Loam;6.8;2.46;44.69;14.82;18.96
South District;Loamy;7.45;2.8;44.5;12.4;18.35
North District;Loamy;7.17;2.49;41.58;16.33;21.03
North District;Silty;6.08;2.87;36.33;14.56;23.12
North District;Sandy Loam;6.81;1.52;43.0;11.89;18.53
East District;Sandy Loam;7.22;2.81;35.0;13.43;23.18
West District;Loamy;6.74;2.95;33.36;11.75;19.55
North District;Clayey;7.38;2.58;42.42;10.39;19.17
West District;Silty;7.44;1.5;36.25;15.1;23.53
West District;Loamy;6.53;2.69;36.52;11.95;21.93
South District;Sandy Loam;6.11;1.6;44.62;17.8;19.26
South District;Clayey;7.18;2.5;40.43;13.81;22.54
South District;Loamy;6.62;2.98;43.6;15.29;19.45
East District;Clayey;6.86;1.7;34.62;13.68;23.47
South District;Silty;6.5;2.13;37.59;10.88;21.05
South District;Loamy;6.01;1.77;43.77;12.25;19.12
North District;Loamy;6.89;2.86;34.25;16.45;22.14
North District;Silty;6.64;1.72;39.52;13.76;22.78
East District;Silty;6.36;1.95;40.13;16.19;21.92
West District;Silty;6.01;2.3;43.75;14.08;24.08
North District;Sandy Loam;7.4;1.63;39.05;16.11;23.48
East District;Loamy;6.63;1.61;30.93;11.57;21.23
South District;Clayey;6.94;2.93;40.08;10.42;20.32
East District;Loamy;7.23;1.96;36.1;17.13;18.42
South District;Loamy;6.36;2.3;42.65;17.54;22.13
South District;Clayey;6.6;2.62;40.42;16.83;19.75
West District;Loamy;6.59;2.29;34.5;13.08;21.38
West District;Clayey;6.07;1.6;41.54;17.19;24.39
East District;Silty;6.8;1.5;37.79;16.72;18.3
East District;Silty;6.62;2.4;41.49;10.01;23.06
West District;Silty;6.29;2.04;41.43;10.75;22.5
West District;Clayey;6.19;2.29;34.52;13.77;23.81
East District;Loamy;6.52;1.52;30.85;15.24;18.32
North District;Loamy;6.66;2.19;44.62;13.82;19.5
North District;Loamy;7.01;2.88;32.41;16.73;18.73
South District;Silty;6.3;2.01;43.63;14.36;24.33
East District;Silty;6.85;2.79;43.73;11.14;22.68
South District;Silty;7.37;2.89;34.29;11.24;18.01
North District;Sandy Loam;6.63;2.38;33.52;16.74;25.0
East District;Loamy;6.77;1.85;38.47;13.36;19.34
South District;Loamy;7.32;1.81;42.19;11.52;21.85
North District;Silty;6.09;2.7;39.26;13.9;18.29
East District;Clayey;6.02;2.57;31.07;12.87;22.97
North District;Sandy Loam;7.25;1.94;43.8;10.82;20.66
West District;Silty;7.42;1.96;43.83;17.32;21.44
East District;Loamy;7.47;2.89;33.17;17.9;23.49
East District;Sandy Loam;7.17;2.74;41.17;12.68;21.02
South District;Clayey;6.63;2.43;30.39;15.8;19.65
West District;Sandy Loam;7.49;2.65;32.11;17.73;18.51
South District;Silty;6.3;2.83;40.14;17.38;22.51
South District;Silty;6.26;1.65;33.03;14.72;19.18
North District;Clayey;6.65;2.52;37.01;17.73;20.02
North District;Sandy Loam;7.04;1.81;30.23;14.98;20.41
East District;Silty;7.15;1.56;30.75;10.61;21.44
East District;Silty;7.47;2.91;31.46;11.66;22.6
East District;Sandy Loam;6.21;2.82;37.58;14.22;19.64
South District;Clayey;7.49;1.6;35.32;11.66;18.62
North District;Silty;6.92;2.39;43.35;11.38;19.23
West District;Sandy Loam;6.38;2.59;34.85;13.65;21.51
West District;Loamy;6.8;1.87;37.35;10.67;22.56
North District;Loamy;6.59;2.62;35.22;10.91;18.99
South District;Clayey;6.8;1.76;37.5;17.06;23.85
North District;Silty;7.02;2.89;41.73;11.67;24.29
West District;Silty;6.89;2.14;30.25;10.16;18.29
South District;Silty;6.13;2.65;30.62;10.03;23.94
North District;Sandy Loam;6.76;2.73;32.68;15.95;19.68
North District;Sandy Loam;6.53;2.07;43.9;10.46;24.22
East District;Sandy Loam;6.39;2.21;41.48;12.18;24.85
South District;Silty;6.47;2.43;34.98;13.06;18.92
West District;Clayey;6.77;2.03;39.86;13.28;21.82
North District;Sandy Loam;6.57;2.34;44.73;17.18;22.94
North District;Clayey;7.22;2.92;42.17;13.45;18.25
North District;Sandy Loam;6.76;2.37;34.45;16.15;23.1
East District;Silty;6.47;2.18;36.29;14.76;24.37
East District;Clayey;6.32;2.51;44.38;12.26;18.38
East District;Silty;7.07;1.68;41.42;14.53;20.05
East District;Loamy;7.08;2.05;41.35;14.5;19.49
West District;Clayey;6.22;1.64;35.44;17.24;23.43
North District;Clayey;7.22;2.32;43.21;15.19;24.8
North District;Silty;6.06;1.84;38.15;13.17;24.67
West District;Silty;6.94;1.97;37.91;13.21;23.97
East District;Sandy Loam;7.15;2.04;33.78;11.02;20.44
West District;Silty;7.28;1.64;37.1;11.86;23.15
East District;Loamy;6.14;1.62;40.28;15.82;24.46
West District;Silty;6.23;2.03;36.05;11.47;24.8
South District;Loamy;6.48;2.54;39.24;11.63;18.08
South District;Silty;6.15;2.17;33.65;10.86;24.88
South District;Loamy;6.48;2.37;39.77;12.75;23.11
West District;Clayey;7.39;2.32;34.51;14.83;24.49
North District;Loamy;6.23;2.38;40.81;16.66;24.15
East District;Loamy;6.4;2.97;33.99;10.9;20.75
West District;Loamy;6.59;2.93;37.2;14.02;22.96
North District;Loamy;6.66;1.7;32.14;11.65;21.98
West District;Sandy Loam;6.6;1.63;30.72;10.44;22.2
West District;Silty;7.38;1.62;44.91;10.36;20.49
South District;Sandy Loam;6.55;2.17;36.58;17.67;18.14
South District;Sandy Loam;6.34;2.14;38.92;16.3;19.17
West District;Clayey;7.37;2.13;37.26;12.68;18.88
East District;Silty;7.22;2.8;32.72;17.61;18.3
East District;Clayey;6.84;2.2;34.43;11.73;18.08
South District;Silty;7.3;2.9;43.46;17.29;21.59
South District;Silty;7.44;1.85;39.13;11.09;19.47
East District;Silty;7.34;2.32;33.02;13.31;24.53
East District;Loamy;6.13;2.92;35.0;15.31;18.81
West District;Clayey;7.28;2.83;42.79;10.09;21.85
North District;Clayey;6.3;2.45;44.4;17.98;19.47
East District;Loamy;6.04;1.67;43.91;11.01;22.89
West District;Sandy Loam;7.21;2.77;31.42;12.14;18.63
East District;Clayey;6.46;2.85;43.8;17.77;22.27
North District;Sandy Loam;6.81;2.98;35.13;13.06;24.95
North District;Silty;7.04;2.66;39.33;12.05;18.34
North District;Silty;6.24;2.5;39.5;14.45;19.43
West District;Silty;6.86;1.65;34.48;12.77;18.35
East District;Clayey;6.38;1.85;44.19;14.92;24.46
East District;Sandy Loam;6.02;1.85;34.24;12.34;20.54
West District;Loamy;6.11;2.41;40.35;15.38;22.47
East District;Loamy;6.6;2.59;39.23;17.21;24.99
South District;Clayey;7.45;2.95;43.96;13.6;19.53
North District;Loamy;6.19;1.8;39.24;11.94;18.8
East District;Silty;6.61;2.61;36.89;13.33;21.31
North District;Sandy Loam;6.24;2.84;30.84;14.81;24.14
West District;Silty;6.39;2.57;32.37;17.62;22.97
West District;Loamy;6.34;2.69;36.26;11.62;19.09
North District;Clayey;6.3;2.28;37.17;13.94;23.88
East District;Clayey;6.98;1.64;35.3;14.84;19.88
East District;Sandy Loam;7.17;2.6;39.58;15.64;18.72
East District;Silty;7.39;2.67;34.36;14.16;23.51
South District;Loamy;6.88;1.99;38.22;12.8;20.63
North District;Sandy Loam;6.76;2.15;43.81;13.06;22.15
North District;Sandy Loam;6.17;2.72;38.34;10.64;21.15
West District;Clayey;7.34;2.4;37.52;14.95;19.65
West District;Silty;6.82;1.67;32.26;10.54;23.85
South District;Sandy Loam;6.4;2.47;40.87;16.67;20.16
North District;Loamy;7.09;1.95;42.33;16.5;22.5
South District;Loamy;6.04;2.69;42.19;10.56;24.46
South District;Loamy;7.15;2.27;35.31;13.75;20.46
West District;Clayey;6.92;2.27;34.63;12.16;24.11
South District;Loamy;7.12;2.27;40.08;16.69;19.6
East District;Loamy;6.44;1.52;38.46;14.64;19.9
North District;Loamy;6.63;1.7;42.6;12.58;21.65
West District;Sandy Loam;6.31;2.42;33.09;16.68;19.78
North District;Clayey;7.09;1.88;35.85;15.44;18.06
East District;Sandy Loam;6.4;2.22;35.15;12.56;22.91
South District;Sandy Loam;6.62;1.88;41.92;12.44;21.46
South District;Sandy Loam;6.3;1.69;39.97;14.83;18.77
North District;Loamy;6.05;1.71;42.81;12.01;18.11
North District;Clayey;6.56;2.18;40.02;12.87;20.45
East District;Sandy Loam;6.65;2.02;43.96;17.51;22.44
West District;Loamy;6.05;2.32;40.68;13.65;21.97
West District;Sandy Loam;6.89;2.76;36.86;16.44;19.73
East District;Sandy Loam;6.28;2.39;31.87;11.43;21.76
East District;Clayey;6.84;2.77;42.69;14.43;23.62
South District;Clayey;7.15;2.33;34.39;16.41;24.93
East District;Sandy Loam;6.9;2.8;38.74;10.99;19.82
South District;Loamy;6.4;2.57;38.45;12.47;21.32
South District;Sandy Loam;6.33;2.23;31.96;10.91;23.3
East District;Clayey;6.59;2.8;35.22;11.99;18.57
North District;Sandy Loam;7.31;2.6;35.48;16.36;22.89
North District;Silty;7.31;2.54;43.27;13.86;19.33
South District;Sandy Loam;6.94;1.56;34.98;10.46;24.9
South District;Silty;7.05;1.54;30.67;12.25;23.52
East District;Silty;6.53;2.75;44.2;16.83;23.27
West District;Clayey;7.1;2.97;42.2;12.59;19.81
East District;Sandy Loam;7.47;2.28;38.88;10.11;24.3
North District;Sandy Loam;6.2;2.92;30.59;12.21;22.99
East District;Silty;7.0;1.52;42.68;12.88;19.73
East District;Loamy;6.92;2.3;33.45;17.44;20.89
North District;Clayey;7.08;2.99;36.35;13.75;20.05
South District;Sandy Loam;6.69;2.29;38.21;16.22;23.32
South District;Clayey;7.26;2.58;34.58;15.25;18.47
West District;Silty;7.09;2.06;37.86;10.32;24.07
South District;Silty;6.39;2.97;41.89;12.52;21.25
East District;Loamy;6.2;2.0;41.45;14.98;22.05
West District;Sandy Loam;6.75;2.13;44.96;13.44;19.69
South District;Sandy Loam;6.62;2.17;38.65;16.51;23.26
North District;Sandy Loam;6.29;1.78;31.45;17.36;19.38
East District;Clayey;6.21;2.44;39.49;16.29;19.26
East District;Clayey;7.09;2.3;31.56;10.8;21.8
West District;Clayey;6.28;2.27;32.83;17.99;22.12
North District;Silty;6.49;2.94;33.38;10.02;23.58
South District;Loamy;6.95;2.53;36.53;14.96;23.77
South District;Sandy Loam;6.68;2.81;37.45;11.17;24.22
North District;Sandy Loam;7.3;2.62;37.45;16.89;21.17
North District;Loamy;6.69;2.17;37.57;16.63;20.2
North District;Sandy Loam;6.69;1.56;37.91;17.71;18.4
East District;Clayey;6.5;2.78;38.2;10.07;22.56
West District;Sandy Loam;7.3;2.4;42.97;10.94;23.63
North District;Sandy Loam;6.44;2.67;35.83;11.49;18.57
North District;Silty;6.49;2.38;42.02;12.05;23.45
South District;Silty;7.1;1.65;36.9;10.08;19.92
East District;Sandy Loam;7.01;2.74;43.16;14.66;18.21
East District;Loamy;6.69;1.69;32.68;14.02;22.56
North District;Loamy;6.99;2.68;44.19;12.75;22.35
West District;Loamy;6.45;2.94;30.37;11.69;19.65
South District;Silty;6.58;2.83;32.04;17.42;19.35
South District;Silty;6.4;2.24;30.25;11.7;19.58
East District;Clayey;6.03;2.71;40.52;17.94;19.94
East District;Clayey;7.34;1.71;35.08;12.17;23.7
South District;Loamy;6.47;2.85;41.32;12.51;19.69
West District;Clayey;7.18;1.91;34.17;15.67;22.3
West District;Clayey;6.48;2.72;36.42;16.11;18.36
South District;Clayey;6.84;2.52;32.34;15.43;22.6
South District;Clayey;6.39;2.35;32.5;14.67;18.83
South District;Loamy;6.97;2.82;30.13;14.46;24.48
East District;Silty;6.91;2.54;35.72;10.11;19.79
East District;Sandy Loam;6.18;1.62;35.08;10.38;22.55
East District;Loamy;6.91;2.56;41.92;15.54;23.0
West District;Loamy;7.07;1.71;30.57;10.08;22.55
West District;Sandy Loam;7.04;2.91;31.1;11.08;24.9
South District;Silty;6.69;2.4;31.41;11.19;23.29
West District;Loamy;7.11;2.15;34.71;12.27;21.38
South District;Silty;6.76;2.82;31.58;17.8;22.65
South District;Loamy;7.24;1.99;31.37;17.93;23.62
South District;Loamy;7.43;2.13;34.75;11.66;21.35
North District;Clayey;6.59;2.83;39.66;12.67;20.79
East District;Loamy;6.07;2.69;30.47;13.53;21.36
East District;Clayey;6.94;2.49;32.46;16.83;22.98
West District;Sandy Loam;6.73;2.73;35.78;17.1;23.71
South District;Clayey;6.46;2.66;31.92;13.72;24.62
East District;Clayey;6.28;1.93;41.61;12.96;20.92
East District;Loamy;6.88;2.7;30.66;16.69;19.55
North District;Loamy;6.17;2.84;42.65;16.32;18.87
North District;Sandy Loam;6.51;2.67;34.06;12.17;22.78
South District;Silty;6.31;1.99;35.12;10.31;20.15
North District;Loamy;6.81;1.91;44.51;12.21;18.22
North District;Loamy;6.13;2.86;43.54;15.57;18.09
North District;Sandy Loam;6.95;2.17;30.04;11.2;18.65
East District;Silty;6.65;2.49;34.04;16.84;23.44
North District;Silty;7.35;2.89;38.01;17.72;21.89
South District;Silty;6.84;2.84;40.96;17.94;22.75
East District;Clayey;6.79;1.86;35.22;14.26;22.62
West District;Silty;7.25;1.69;42.99;15.95;18.13
North District;Sandy Loam;7.42;1.55;39.42;17.47;18.28
North District;Loamy;6.11;2.88;35.68;12.6;19.35
South District;Loamy;7.4;1.81;37.96;13.83;19.41
North District;Loamy;7.24;2.18;44.93;17.0;21.26
East District;Loamy;6.89;2.11;44.9;14.4;22.74
South District;Silty;6.92;2.83;34.08;17.15;20.95
West District;Silty;7.06;1.87;38.84;10.95;21.47
North District;Silty;6.46;2.04;34.08;13.59;20.53
North District;Loamy;6.56;1.91;40.53;17.06;20.96
North District;Loamy;6.69;2.88;30.07;17.89;20.25
East District;Clayey;6.51;1.8;32.79;14.98;21.19
West District;Sandy Loam;7.05;1.56;40.3;14.63;23.06
West District;Sandy Loam;7.45;2.94;42.57;16.24;23.85
West District;Silty;7.16;2.82;33.16;13.19;18.36
North District;Clayey;7.36;2.76;32.62;13.15;24.67
West District;Silty;6.51;2.48;42.85;15.97;20.26
East District;Clayey;6.96;2.74;42.24;16.4;22.82
North District;Clayey;7.36;2.9;33.66;10.33;18.9
East District;Silty;6.85;2.71;42.11;14.07;23.39
South District;Silty;7.33;2.03;40.19;13.47;23.13
West District;Silty;6.07;1.66;42.86;10.06;24.58
North District;Clayey;6.76;2.65;34.81;15.22;19.71
West District;Loamy;6.48;2.48;30.65;14.44;22.92
South District;Loamy;6.15;2.92;32.22;12.59;19.39
East District;Loamy;6.89;1.97;31.84;16.78;20.26
West District;Sandy Loam;6.24;1.71;38.26;16.15;18.43
South District;Clayey;7.32;2.77;34.94;14.84;22.29
North District;Loamy;6.91;1.87;42.38;14.03;24.8
North District;Loamy;6.33;2.65;33.58;11.97;23.75
South District;Silty;6.49;2.88;36.09;14.82;23.46
South District;Sandy Loam;6.27;2.54;40.02;15.36;22.74
West District;Sandy Loam;6.74;2.63;44.28;12.12;23.32
South District;Sandy Loam;6.34;1.93;39.46;11.37;22.3
North District;Clayey;6.34;2.81;37.3;13.18;22.85
North District;Clayey;7.3;2.18;36.75;12.15;19.47
North District;Loamy;7.15;1.8;32.12;11.69;21.46
South District;Sandy Loam;6.77;2.61;36.29;17.79;19.37
South District;Silty;7.15;1.8;35.91;10.84;23.93
West District;Loamy;7.18;2.69;30.41;16.57;18.72
West District;Sandy Loam;6.28;2.76;33.33;14.42;18.56
North District;Silty;6.39;1.66;37.26;17.02;19.56
East District;Clayey;6.45;2.17;44.65;17.55;19.32
East District;Clayey;6.7;1.58;33.01;14.76;18.89
West District;Sandy Loam;6.45;1.79;40.71;12.72;19.52
East District;Loamy;7.48;2.38;42.7;16.67;21.25
North District;Sandy Loam;6.33;1.55;43.85;17.92;24.53
West District;Loamy;6.68;1.7;38.93;13.47;22.19
West District;Loamy;7.37;2.06;40.62;12.45;21.91
East District;Clayey;6.04;2.96;39.29;17.91;20.37
South District;Silty;6.26;2.02;37.61;11.09;19.46
East District;Sandy Loam;6.84;1.59;42.67;15.14;22.65
North District;Silty;7.02;2.81;43.33;12.5;21.89
West District;Sandy Loam;7.09;2.17;41.43;17.93;24.3
East District;Silty;6.4;2.27;39.03;11.3;19.28
North District;Sandy Loam;6.59;1.73;43.37;17.58;20.07
North District;Loamy;7.19;1.8;33.97;16.57;20.46
South District;Loamy;6.84;2.5;35.71;15.67;19.11
East District;Clayey;7.03;2.69;35.36;15.06;21.4
South District;Loamy;6.62;1.63;32.18;14.73;19.02
North District;Silty;7.29;2.37;38.55;17.67;22.78
North District;Clayey;7.29;2.61;39.78;14.03;18.14
South District;Sandy Loam;6.0;1.72;36.95;12.82;21.29
West District;Clayey;6.56;1.82;35.82;17.49;24.09
South District;Loamy;7.44;1.85;36.74;11.21;24.55
North District;Silty;7.39;2.79;44.38;16.55;24.93
East District;Clayey;7.11;2.75;38.5;14.53;21.63
West District;Loamy;7.19;1.65;33.31;12.11;22.25
South District;Loamy;7.46;1.74;38.62;12.75;23.91
South District;Sandy Loam;6.81;1.75;34.74;12.1;19.57
West District;Silty;6.34;1.87;43.04;16.99;23.28
East District;Loamy;7.11;2.76;31.23;11.19;19.39
East District;Silty;6.94;2.69;44.82;13.04;23.78
East District;Loamy;7.3;1.72;43.97;10.4;22.9
East District;Sandy Loam;6.48;2.87;31.5;15.02;18.26
North District;Clayey;6.58;1.88;34.28;16.95;22.74
South District;Silty;6.85;1.87;30.03;10.71;20.16
South District;Clayey;6.97;2.75;32.64;10.04;23.18
West District;Sandy Loam;6.61;2.37;33.26;11.58;24.52
East District;Clayey;6.95;1.64;36.89;11.36;21.16
North District;Clayey;6.33;2.59;43.06;14.77;20.26
South District;Sandy Loam;7.1;2.91;41.12;12.73;20.42
West District;Loamy;7.02;2.15;35.28;15.51;24.72
West District;Loamy;6.44;1.97;40.62;16.04;22.53
East District;Clayey;6.43;2.88;30.37;15.62;22.39
North District;Silty;7.08;2.44;35.23;16.71;20.9
South District;Clayey;6.69;1.76;43.88;12.26;22.14
North District;Loamy;7.35;1.87;42.94;14.88;22.61
West District;Sandy Loam;7.01;2.79;35.92;14.22;21.08
East District;Loamy;6.89;2.0;36.68;10.87;20.62
South District;Clayey;6.93;1.65;43.04;16.32;18.79
North District;Sandy Loam;6.6;2.76;36.33;16.67;22.25
South District;Sandy Loam;6.26;2.14;42.4;11.92;19.78
North District;Silty;6.52;2.51;34.72;11.59;22.33
East District;Sandy Loam;6.76;2.28;35.09;13.09;23.61
East District;Clayey;7.11;1.99;42.21;15.08;19.0
North District;Clayey;6.4;2.31;41.09;10.54;19.99
North District;Loamy;7.3;2.79;32.71;12.87;22.44
North District;Silty;6.52;2.85;32.53;17.51;23.93
East District;Clayey;6.65;2.08;35.18;16.12;20.28
South District;Sandy Loam;7.42;1.58;34.73;16.49;22.44
West District;Loamy;6.7;2.87;44.53;10.63;21.0
North District;Loamy;6.09;2.31;35.52;17.83;22.11
North District;Loamy;7.29;2.84;34.36;14.22;19.69
East District;Loamy;6.74;2.93;30.52;15.8;24.99
North District;Loamy;6.08;1.59;35.83;13.82;22.72
South District;Silty;6.67;1.84;40.57;13.39;20.86
East District;Sandy Loam;6.88;1.71;42.95;13.03;23.36
East District;Clayey;6.71;2.71;38.93;14.95;21.66
East District;Sandy Loam;6.25;1.64;40.4;11.14;22.31
East District;Clayey;7.43;2.18;39.59;17.52;23.57
East District;Loamy;6.86;2.91;32.1;15.01;22.29
South District;Silty;6.12;2.46;40.37;13.0;18.02
East District;Sandy Loam;6.77;2.43;44.6;11.76;23.44
West District;Clayey;6.69;1.76;39.47;17.61;23.32
West District;Loamy;6.58;2.32;30.32;11.24;21.39
East District;Clayey;6.06;2.16;43.15;12.89;19.83
North District;Silty;6.12;2.96;34.9;13.06;23.66
West District;Loamy;6.01;2.65;42.94;11.43;21.33
East District;Clayey;7.11;2.03;40.91;14.28;21.22
North District;Loamy;6.99;2.6;37.33;10.22;18.43
South District;Clayey;6.78;2.67;32.03;16.14;22.63
South District;Silty;7.11;2.79;43.57;10.57;20.83
North District;Silty;6.92;2.36;38.89;14.5;21.08
South District;Clayey;6.53;2.14;43.87;15.98;23.72
North District;Loamy;6.05;2.24;32.45;14.83;20.09
North District;Silty;6.13;2.32;42.77;16.65;18.03
North District;Clayey;6.7;2.65;34.07;16.87;22.49
West District;Silty;7.45;2.18;39.37;14.44;21.18
North District;Silty;6.07;2.66;37.29;16.37;18.76
North District;Silty;6.59;2.84;36.08;17.57;24.0
North District;Clayey;6.6;2.31;36.65;14.91;21.45
South District;Loamy;7.16;1.66;41.02;16.85;21.27
South District;Silty;6.16;1.6;43.97;10.3;23.9
South District;Silty;7.12;2.72;40.3;12.62;24.32
North District;Sandy Loam;6.64;2.87;32.59;17.33;23.91
South District;Clayey;6.81;2.92;32.7;11.58;21.26
East District;Silty;7.11;1.73;39.26;10.5;24.27
East District;Sandy Loam;7.09;2.28;40.72;16.46;19.03
South District;Sandy Loam;6.66;2.77;40.67;15.82;20.74
North District;Loamy;6.24;1.71;31.04;10.95;21.15
North District;Loamy;7.11;1.55;34.75;15.16;23.39
West District;Silty;7.3;2.22;31.74;15.18;21.85
South District;Silty;6.35;1.72;33.08;17.74;19.3
East District;Silty;6.33;2.05;34.26;15.14;23.14
North District;Clayey;6.74;1.7;30.64;14.94;23.3
West District;Clayey;7.36;2.87;41.63;12.33;24.24
West District;Sandy Loam;6.29;1.96;41.16;14.42;24.35
West District;Sandy Loam;7.15;2.01;35.89;12.51;24.02
West District;Silty;6.26;2.22;35.1;10.28;21.62
North District;Silty;6.76;2.9;42.59;17.47;20.87
South District;Sandy Loam;7.37;2.19;38.01;12.05;19.72
East District;Clayey;6.51;1.76;39.46;10.45;19.69
North District;Clayey;7.27;1.6;32.39;14.23;24.82
West District;Sandy Loam;6.59;1.96;38.91;14.89;18.3
East District;Silty;6.82;2.62;37.85;11.17;21.84
North District;Sandy Loam;7.46;2.25;30.75;17.46;19.0
South District;Clayey;6.38;1.79;44.05;17.34;18.56
West District;Loamy;7.11;2.41;36.27;12.74;23.39
East District;Loamy;6.77;2.53;31.14;11.51;18.56
North District;Silty;6.36;1.95;33.98;16.78;18.17
South District;Silty;7.48;2.81;38.66;12.03;22.22
West District;Silty;7.43;2.66;37.01;11.79;18.82
East District;Loamy;7.26;2.98;41.29;16.19;22.94
East District;Sandy Loam;7.36;1.6;34.65;17.78;23.74
North District;Loamy;6.0;2.54;33.22;17.03;20.32
North District;Loamy;6.92;2.89;41.33;14.95;19.57
East District;Sandy Loam;6.35;2.57;37.22;10.98;18.33
South District;Loamy;6.29;1.68;39.8;14.38;19.16
North District;Loamy;7.44;2.04;41.61;11.15;22.67
South District;Silty;6.98;2.01;44.77;16.47;24.53
North District;Loamy;6.51;2.42;42.66;10.93;22.85
East District;Loamy;7.34;2.58;33.05;15.36;22.51
South District;Silty;7.25;2.98;34.29;10.31;22.04
North District;Silty;7.41;2.74;31.05;17.39;22.99
South District;Loamy;7.47;2.77;32.47;17.16;22.97
North District;Sandy Loam;6.4;2.42;41.95;16.48;24.47
East District;Sandy Loam;6.64;1.74;42.88;12.2;24.08
North District;Sandy Loam;6.27;2.83;34.13;15.66;24.95
South District;Silty;6.46;1.72;35.3;10.09;22.23
East District;Loamy;6.41;2.42;30.49;11.42;24.25
South District;Silty;6.67;2.79;41.27;17.33;22.63
West District;Silty;6.19;2.39;31.95;10.02;24.16
East District;Clayey;6.47;2.81;33.57;12.56;19.16
West District;Silty;7.42;1.97;34.1;15.1;23.32
West District;Clayey;7.21;2.3;32.16;13.21;18.31
North District;Loamy;7.4;2.53;43.41;16.32;20.2
North District;Sandy Loam;7.4;1.51;36.07;14.76;19.9
North District;Clayey;6.81;2.89;44.0;15.98;22.44
North District;Loamy;6.42;1.92;38.29;13.45;18.81
South District;Loamy;6.28;2.3;39.36;17.93;18.6
South District;Sandy Loam;6.05;2.07;32.36;14.33;19.02
West District;Silty;6.19;2.26;37.06;11.97;18.1
South District;Clayey;6.76;1.76;34.65;11.54;19.93
West District;Sandy Loam;6.39;1.62;37.71;15.65;22.71
West District;Loamy;7.26;2.26;34.64;11.67;21.14
North District;Clayey;7.23;1.93;38.22;17.23;22.91
West District;Clayey;6.37;2.92;32.99;17.64;19.23
North District;Silty;6.33;2.14;31.34;12.81;20.41
North District;Loamy;6.03;1.5;31.63;13.78;19.46
North District;Sandy Loam;6.67;2.39;35.97;11.34;20.56
North District;Sandy Loam;6.16;2.12;41.02;12.1;24.43
West District;Loamy;6.96;1.78;34.36;11.71;23.6
North District;Silty;6.77;2.35;38.03;11.95;20.44
South District;Silty;7.02;1.64;37.38;15.87;21.61
South District;Loamy;7.25;2.79;43.9;10.68;20.88
South District;Sandy Loam;7.04;1.91;35.82;16.29;24.72
South District;Silty;6.32;2.86;35.13;13.03;19.66
South District;Loamy;7.48;2.54;40.22;11.81;20.27
South District;Silty;6.63;1.98;30.01;11.42;22.71
South District;Silty;6.5;1.54;35.48;17.49;19.8
South District;Sandy Loam;6.26;2.5;38.9;17.98;23.58
West District;Silty;6.55;1.6;32.45;16.97;20.42
West District;Silty;6.65;2.25;42.75;12.41;20.4
North District;Sandy Loam;6.71;1.71;31.99;14.94;23.98
East District;Clayey;6.14;2.4;42.8;13.58;24.32
East District;Clayey;6.84;2.25;43.5;14.72;19.6
South District;Loamy;7.16;2.48;30.17;14.19;24.04
West District;Loamy;7.13;1.51;30.73;14.32;22.71
North District;Sandy Loam;6.66;2.79;34.71;13.04;22.5
West District;Silty;6.44;1.53;33.45;17.59;23.17
North District;Silty;6.83;1.66;38.68;15.22;20.93
North District;Silty;7.34;2.19;34.42;16.01;20.69
East District;Clayey;6.65;2.25;40.33;12.51;22.09
East District;Clayey;7.36;2.04;36.04;16.75;18.79
East District;Sandy Loam;7.24;2.7;40.46;15.44;24.12
East District;Silty;6.75;2.45;38.55;16.91;20.0
East District;Loamy;6.18;2.02;44.99;10.98;23.31
South District;Clayey;6.56;1.96;39.4;13.4;24.74
North District;Sandy Loam;6.32;1.63;37.71;12.23;23.41
West District;Loamy;6.22;1.78;37.29;10.25;18.42
South District;Sandy Loam;6.19;2.36;36.37;11.95;22.49
East District;Sandy Loam;6.72;1.89;39.99;13.35;20.66
North District;Silty;7.12;2.25;38.24;17.66;21.19
North District;Sandy Loam;6.18;2.21;30.91;16.22;24.51
South District;Silty;7.13;1.93;34.46;11.83;23.94
North District;Clayey;6.79;2.84;35.04;10.98;19.06
East District;Silty;7.13;1.94;32.22;15.79;21.29
North District;Loamy;6.21;2.6;44.01;10.65;19.86
East District;Silty;7.26;2.04;33.84;16.84;18.75
West District;Clayey;7.42;2.22;37.67;11.46;19.79
West District;Loamy;7.43;2.27;33.09;14.6;23.83
North District;Silty;6.45;2.97;35.13;12.52;19.03
East District;Clayey;6.65;1.88;38.98;11.16;24.05
West District;Loamy;6.08;2.3;34.98;17.19;23.63
South District;Clayey;6.08;2.08;42.52;13.34;19.66
East District;Sandy Loam;6.95;2.86;34.02;17.51;23.37
West District;Silty;6.56;1.73;42.58;10.09;18.8
East District;Silty;6.65;1.85;35.17;11.73;19.19
West District;Clayey;6.51;2.06;40.18;18.0;24.58
North District;Loamy;6.98;1.9;35.08;11.26;20.41
West District;Clayey;6.44;2.23;37.97;11.46;24.01
North District;Sandy Loam;7.16;2.83;31.58;16.41;22.84
North District;Loamy;6.3;2.45;34.33;16.29;19.18
South District;Loamy;6.06;2.06;34.78;13.03;20.01
East District;Loamy;6.41;1.99;35.02;10.86;20.82
West District;Clayey;7.27;2.24;41.97;14.04;23.54
East District;Silty;6.59;1.91;38.49;15.84;20.14
West District;Silty;6.58;2.14;39.04;11.67;23.5
South District;Loamy;6.3;2.12;32.79;17.36;25.0
East District;Loamy;7.03;2.09;41.43;16.64;20.9
South District;Silty;6.76;2.34;44.93;11.43;23.73
South District;Sandy Loam;6.78;1.51;36.29;16.99;23.97
South District;Sandy Loam;6.73;2.94;32.04;17.11;18.59
North District;Silty;6.28;1.99;33.7;14.59;22.97
South District;Silty;6.85;2.65;39.15;10.94;21.79
North District;Silty;6.16;1.81;40.42;17.88;23.74
North District;Silty;7.1;2.41;30.79;17.36;23.48
South District;Sandy Loam;7.21;2.47;44.26;12.06;20.1
South District;Loamy;7.42;2.66;38.15;17.51;23.47
South District;Silty;6.04;1.99;40.61;17.56;24.29
South District;Sandy Loam;6.92;2.61;36.72;10.65;22.37
North District;Silty;6.34;2.39;41.66;14.51;18.78
West District;Loamy;7.46;1.5;42.18;14.51;18.56
East District;Silty;6.84;2.7;33.41;16.67;22.27
East District;Clayey;6.86;2.33;31.82;11.18;22.11
North District;Silty;6.1;2.91;35.65;12.33;19.19
East District;Clayey;7.14;1.98;43.05;10.08;22.44
East District;Clayey;7.48;1.55;34.68;15.21;18.8
North District;Sandy Loam;6.57;2.67;36.91;15.85;22.19
North District;Silty;7.24;2.85;42.46;13.99;20.52
West District;Sandy Loam;6.68;2.21;30.86;13.5;20.78
East District;Loamy;6.2;1.69;43.76;13.71;19.51
South District;Sandy Loam;6.76;1.62;37.33;13.76;21.16
West District;Clayey;6.39;1.69;40.18;16.68;19.88
North District;Silty;6.77;2.73;34.03;17.89;19.43
South District;Silty;6.74;2.83;35.67;11.99;23.75
North District;Silty;7.48;1.8;39.64;16.45;18.25
East District;Clayey;6.79;2.71;41.34;16.51;19.39
North District;Silty;6.76;1.71;39.91;14.75;21.83
West District;Silty;6.9;2.45;42.62;11.66;18.75
East District;Sandy Loam;7.31;2.45;37.01;13.91;24.6
North District;Clayey;6.93;2.39;31.36;11.76;23.61
North District;Sandy Loam;6.03;2.28;36.32;17.1;23.02
West District;Clayey;7.07;2.56;42.69;11.41;19.27
East District;Loamy;6.89;1.75;42.19;12.52;18.07
East District;Silty;6.75;2.35;30.81;15.39;22.95
North District;Loamy;6.23;2.04;44.44;15.82;18.26
North District;Silty;6.12;2.1;30.31;17.67;21.05
East District;Loamy;6.87;1.52;32.41;15.56;19.52
East District;Loamy;6.01;1.82;37.67;15.79;24.97
South District;Loamy;6.34;1.83;35.95;12.94;20.2
East District;Loamy;7.48;1.53;42.64;15.51;24.32
West District;Loamy;7.4;2.67;40.42;10.4;18.3
East District;Silty;6.79;1.76;44.02;17.28;20.56
West District;Loamy;6.4;2.34;34.31;13.93;24.39
South District;Silty;7.36;2.86;42.12;16.18;20.78
East District;Loamy;6.86;1.65;33.69;12.87;23.55
South District;Sandy Loam;6.57;2.88;32.28;14.55;20.07
West District;Loamy;6.9;2.52;31.18;13.41;24.96
West District;Sandy Loam;7.23;2.29;40.49;15.37;19.26
West District;Clayey;7.3;1.83;37.62;17.92;23.57
East District;Clayey;7.38;1.5;44.17;13.73;21.53
West District;Clayey;7.25;2.53;31.43;17.58;22.97
North District;Sandy Loam;6.78;1.71;40.43;13.57;19.11
North District;Sandy Loam;6.07;2.58;34.39;16.47;23.87
South District;Silty;6.24;1.67;34.13;10.84;24.75
North District;Loamy;7.08;2.45;36.19;14.23;23.39
West District;Loamy;7.2;2.49;37.81;17.65;20.0
East District;Clayey;7.36;2.08;40.61;17.96;19.61
East District;Silty;6.58;2.12;42.82;13.17;19.5
West District;Sandy Loam;7.15;1.81;37.35;14.02;22.37
North District;Loamy;6.82;1.52;40.28;14.18;20.24
North District;Loamy;6.18;1.86;35.41;17.06;23.79
North District;Clayey;6.32;2.83;31.42;16.2;20.0
North District;Loamy;7.03;2.36;44.58;10.58;22.01
East District;Silty;6.77;2.42;39.67;16.1;23.68
North District;Clayey;7.25;2.96;43.77;12.96;19.12
West District;Sandy Loam;6.05;1.84;42.04;17.05;24.59
North District;Sandy Loam;7.24;1.94;42.2;14.21;24.94
East District;Loamy;6.45;1.66;31.19;10.52;24.4
North District;Silty;7.34;1.99;44.62;17.29;20.38
East District;Loamy;7.02;1.91;43.31;13.03;19.83
East District;Silty;6.08;2.85;44.85;12.64;18.85
West District;Sandy Loam;7.45;2.92;35.74;14.96;18.84
East District;Sandy Loam;6.39;2.31;37.09;15.49;20.82
West District;Sandy Loam;7.17;1.84;42.09;11.02;24.04
West District;Sandy Loam;6.41;2.41;36.21;13.32;22.25
West District;Clayey;6.18;2.12;43.34;12.57;19.49
North District;Clayey;6.6;2.69;43.88;15.09;24.79
North District;Clayey;7.08;2.15;44.96;12.92;21.11
East District;Silty;7.4;2.95;36.1;15.21;22.99
East District;Silty;6.77;2.31;39.24;12.16;23.47
West District;Loamy;7.2;2.01;30.55;13.71;20.46
West District;Loamy;6.33;2.52;43.71;12.48;20.06
North District;Silty;7.4;2.12;38.16;10.11;18.7
South District;Sandy Loam;6.12;1.53;33.62;17.05;23.24
North District;Clayey;6.72;1.64;30.51;12.14;23.87
South District;Sandy Loam;7.11;1.99;44.88;15.47;20.19
East District;Silty;7.38;2.56;43.34;13.15;20.38
South District;Loamy;6.77;2.17;40.39;16.25;22.53
South District;Silty;7.49;2.01;40.0;11.75;22.63
South District;Sandy Loam;6.91;2.72;37.32;17.71;20.07
West District;Loamy;7.35;2.78;37.84;11.7;23.82
East District;Silty;7.08;2.2;31.24;10.51;24.42
East District;Clayey;6.95;1.57;37.06;16.69;21.95
East District;Loamy;7.2;2.81;38.19;15.1;20.23
West District;Sandy Loam;6.03;2.31;37.66;15.66;19.44
North District;Silty;6.6;1.88;34.59;12.55;20.56
West District;Silty;7.46;3.0;30.05;10.72;22.93
West District;Loamy;7.4;2.81;31.76;15.28;22.96
North District;Clayey;6.46;2.7;40.19;13.55;21.04
East District;Sandy Loam;6.8;1.74;43.55;11.3;21.84
East District;Silty;7.49;1.8;42.92;16.38;18.72
West District;Loamy;7.38;1.76;36.26;12.06;19.39
West District;Loamy;7.25;2.04;33.79;16.25;19.73
South District;Sandy Loam;7.18;1.78;39.06;11.83;24.84
East District;Clayey;6.13;2.99;30.68;16.17;21.89
North District;Loamy;6.24;2.4;33.08;11.8;20.17
West District;Sandy Loam;6.95;1.79;43.06;10.72;20.32
East District;Silty;6.96;1.7;34.61;12.56;21.36
North District;Silty;7.18;1.59;39.08;16.98;22.28
West District;Loamy;7.35;2.24;40.55;13.52;18.97
West District;Loamy;7.03;2.43;36.15;11.42;22.72
East District;Sandy Loam;6.85;1.63;33.76;16.63;21.33
West District;Silty;6.58;2.89;32.07;14.22;20.66
South District;Sandy Loam;6.59;1.87;38.6;13.8;23.4
North District;Loamy;7.43;2.33;38.4;17.1;19.01
North District;Clayey;6.36;2.77;39.17;11.08;19.66
South District;Clayey;6.26;2.79;42.57;15.97;18.37
East District;Silty;6.13;2.47;40.74;10.56;19.84
East District;Sandy Loam;6.36;2.21;35.44;13.22;18.42
South District;Silty;6.06;2.3;38.07;12.02;19.5
East District;Clayey;6.85;2.85;44.41;13.12;19.39
North District;Loamy;6.25;2.75;43.29;17.5;24.48
South District;Clayey;6.86;2.13;39.08;11.62;18.97
West District;Silty;6.1;2.25;44.37;15.07;20.59
North District;Clayey;7.49;2.21;43.52;10.8;21.91
East District;Clayey;6.77;2.96;39.3;15.04;23.61
East District;Sandy Loam;6.28;2.86;43.0;14.46;19.69
South District;Clayey;7.23;1.54;32.14;14.0;22.25
South District;Loamy;6.14;1.81;33.45;11.27;19.19
South District;Clayey;6.32;1.84;35.12;13.46;18.32
North District;Silty;6.15;2.53;43.78;12.63;22.72
East District;Clayey;7.34;1.59;42.94;15.35;18.35
North District;Clayey;7.2;2.84;32.37;16.75;18.28
East District;Clayey;6.79;2.8;33.37;10.02;24.14
East District;Sandy Loam;6.38;2.85;42.07;12.39;19.62
South District;Loamy;6.13;1.6;40.29;11.69;22.48
East District;Clayey;7.37;2.56;34.53;15.6;21.14
East District;Loamy;6.64;2.97;40.21;16.14;22.85
East District;Sandy Loam;7.13;1.58;43.01;14.51;23.34
East District;Loamy;7.27;1.71;31.7;15.95;19.93
North District;Loamy;6.74;2.93;41.28;17.74;21.63
West District;Sandy Loam;7.13;2.36;44.21;17.18;19.73
East District;Clayey;7.22;1.6;41.38;15.03;23.74
North District;Sandy Loam;6.26;2.24;44.5;13.73;19.54
East District;Loamy;6.9;2.61;44.32;17.72;24.3
East District;Silty;6.75;1.79;33.44;15.03;23.54
North District;Clayey;7.13;2.03;37.59;10.87;23.95
West District;Silty;6.33;1.87;34.15;14.64;21.91
East District;Sandy Loam;6.15;1.75;36.83;14.79;19.32
East District;Silty;7.37;1.59;35.99;13.84;20.89
North District;Sandy Loam;6.39;2.39;40.18;12.04;24.68
South District;Loamy;7.42;2.92;43.28;16.86;24.6
North District;Loamy;7.4;2.77;37.98;16.98;24.91
West District;Silty;6.09;1.97;44.84;17.59;24.95
South District;Loamy;6.5;2.29;39.52;14.49;20.94
South District;Silty;7.38;2.14;34.74;15.01;18.41
West District;Sandy Loam;6.32;2.73;34.28;16.43;18.82
East District;Clayey;6.86;2.39;41.68;17.36;20.05
West District;Clayey;7.36;2.02;44.73;12.62;18.57
West District;Loamy;7.23;2.04;43.04;16.97;24.68
West District;Loamy;6.83;2.52;30.27;13.28;22.94
North District;Sandy Loam;7.21;2.59;44.19;14.2;22.08
East District;Silty;6.72;2.56;35.38;13.92;23.13
North District;Loamy;7.43;1.92;38.4;11.99;24.58
East District;Silty;6.48;2.8;38.5;12.23;20.18
South District;Loamy;6.78;2.5;37.5;10.18;21.93
North District;Clayey;6.92;2.1;44.19;12.68;20.52
West District;Loamy;7.2;2.85;40.6;15.97;22.21
North District;Clayey;6.22;2.56;40.97;11.07;21.21
North District;Silty;7.12;2.63;31.44;10.1;24.54
South District;Silty;7.21;2.78;40.06;14.52;19.69
South District;Silty;6.76;2.13;44.35;11.19;20.78
North District;Silty;6.84;2.9;35.94;10.58;20.95
East District;Silty;6.63;1.71;34.29;14.41;23.09
South District;Sandy Loam;6.83;2.96;44.31;13.79;20.58
West District;Sandy Loam;6.57;2.32;31.27;17.18;23.17
South District;Silty;7.11;1.62;39.77;16.27;23.53
East District;Loamy;6.03;2.39;42.29;14.19;20.41
West District;Clayey;6.62;2.5;43.71;13.71;18.0
East District;Loamy;6.34;2.69;30.27;14.09;18.88
East District;Loamy;6.62;1.58;30.81;11.8;20.38
North District;Sandy Loam;6.37;1.99;34.74;12.52;20.3
South District;Loamy;7.42;1.52;34.26;12.66;18.6
South District;Loamy;6.04;2.53;43.78;17.1;21.89
East District;Silty;6.95;1.97;39.95;13.64;18.01
North District;Sandy Loam;6.45;2.35;39.29;12.88;23.32
East District;Silty;6.24;1.8;44.44;12.03;19.08
South District;Sandy Loam;6.39;1.67;35.07;15.83;18.97
North District;Loamy;6.91;1.55;40.82;15.79;19.27
North District;Sandy Loam;7.03;2.89;42.53;15.6;24.31
West District;Clayey;7.22;1.52;31.67;11.22;20.84
South District;Clayey;7.01;1.55;44.78;16.68;18.4
East District;Silty;6.21;1.52;40.66;17.89;21.42
North District;Sandy Loam;7.15;2.29;31.7;11.6;22.21
West District;Loamy;6.45;2.74;34.85;17.66;19.73
North District;Silty;6.63;2.42;33.38;15.67;24.42
South District;Loamy;6.98;2.1;39.65;10.48;24.36
North District;Clayey;7.26;1.63;30.06;16.02;19.94
South District;Loamy;7.05;1.81;42.28;10.75;20.03
South District;Clayey;7.12;2.86;40.49;12.8;19.38
North District;Clayey;6.37;2.37;33.11;17.71;24.91
West District;Loamy;6.92;1.78;35.74;10.06;18.72
North District;Sandy Loam;6.47;2.01;44.31;13.21;21.89
North District;Clayey;7.28;2.14;35.24;14.43;19.67
West District;Silty;6.46;2.14;34.41;12.66;22.51
West District;Silty;6.7;1.7;44.73;10.14;19.68
East District;Loamy;6.1;1.75;44.49;15.01;19.43
West District;Silty;6.14;2.04;38.19;16.18;21.24
West District;Clayey;6.64;2.85;42.72;16.19;23.79
West District;Loamy;6.05;2.94;43.96;16.17;18.56
North District;Silty;6.75;2.19;40.82;17.62;20.04
East District;Silty;6.21;1.89;36.74;12.16;24.97
North District;Silty;7.36;2.32;32.78;15.86;21.84
North District;Clayey;6.87;2.54;32.29;15.37;21.2
North District;Sandy Loam;6.83;2.06;41.87;17.7;22.4
South District;Clayey;6.78;2.15;41.55;17.73;22.91
West District;Silty;6.73;2.06;44.74;14.59;23.64
East District;Clayey;7.28;2.22;43.86;12.99;23.05
East District;Silty;7.4;2.37;37.96;16.94;19.12
South District;Silty;7.48;2.86;33.93;13.87;24.04
West District;Silty;6.07;2.22;38.24;12.57;23.11
South District;Silty;7.46;2.38;32.91;10.72;19.09
West District;Silty;6.39;2.4;44.67;15.04;18.98
East District;Loamy;6.61;1.93;33.12;15.27;24.19
South District;Loamy;6.18;2.06;34.31;12.75;19.88
East District;Clayey;6.14;1.6;40.55;15.05;22.51
East District;Sandy Loam;7.01;1.98;36.15;12.92;21.93
South District;Sandy Loam;6.58;2.86;40.38;11.64;22.87
South District;Sandy Loam;6.59;2.69;33.25;15.62;20.85
North District;Sandy Loam;7.06;1.65;42.02;15.37;18.46
North District;Silty;7.27;2.9;30.18;11.74;23.19
West District;Loamy;6.7;1.71;44.95;10.01;21.57
West District;Silty;7.12;1.76;35.14;12.42;19.91
South District;Sandy Loam;6.1;2.27;32.51;17.57;23.41
East District;Sandy Loam;6.07;2.27;30.7;13.65;21.4
South District;Loamy;6.57;2.85;41.63;10.86;21.64
West District;Loamy;7.17;2.44;39.69;14.02;23.41
South District;Loamy;6.42;2.73;41.47;10.82;19.18
South District;Loamy;6.35;2.54;35.99;10.36;22.04
South District;Sandy Loam;7.18;1.64;40.77;12.55;22.33
West District;Loamy;6.83;2.33;44.61;14.83;19.77
West District;Sandy Loam;7.38;2.49;36.2;15.36;24.99
North District;Clayey;7.33;2.53;32.49;17.81;18.64
West District;Loamy;6.2;1.65;44.95;17.8;20.7
North District;Sandy Loam;6.16;2.1;34.25;17.11;18.82
North District;Loamy;7.28;2.39;34.48;11.69;21.35
East District;Clayey;6.32;2.83;30.88;10.52;18.16
East District;Loamy;7.17;2.24;38.89;13.58;20.67
West District;Loamy;6.12;2.0;38.05;12.1;22.87
East District;Silty;6.77;2.68;31.11;10.85;20.75
West District;Sandy Loam;7.26;2.91;36.74;11.89;19.63
West District;Sandy Loam;6.19;1.65;36.81;11.69;21.04
East District;Silty;7.4;1.56;33.72;17.59;20.14
South District;Silty;7.39;1.78;39.34;14.83;23.19
West District;Loamy;7.41;1.55;31.49;14.75;18.64
West District;Loamy;6.9;2.14;39.59;17.81;18.46
North District;Sandy Loam;6.13;2.51;34.24;11.05;22.45
South District;Silty;6.43;2.86;32.25;16.75;20.15
North District;Clayey;6.15;1.77;44.14;15.16;21.86
South District;Loamy;6.95;2.21;40.69;11.19;23.34
West District;Silty;6.26;2.09;30.14;17.55;21.6
East District;Silty;6.88;2.17;34.53;10.06;24.71
North District;Loamy;6.04;2.59;30.28;13.92;21.84
East District;Sandy Loam;6.23;2.05;43.85;11.38;20.61
East District;Sandy Loam;6.83;2.33;43.56;14.9;20.1
East District;Silty;6.49;2.27;36.38;15.75;20.55
South District;Silty;7.06;1.98;31.78;17.29;21.8
East District;Clayey;6.12;2.33;30.64;12.53;24.73
North District;Silty;7.17;2.72;37.94;12.16;19.29
South District;Silty;6.83;2.92;37.26;17.22;21.59
North District;Clayey;6.85;2.77;31.69;15.8;24.94
South District;Sandy Loam;6.93;2.7;34.34;16.56;24.61
West District;Loamy;7.01;2.04;39.61;11.11;24.23
West District;Loamy;7.2;1.8;36.29;11.8;22.44
North District;Silty;7.35;2.31;31.64;14.34;23.85
North District;Clayey;6.99;2.13;32.45;10.56;19.2
East District;Loamy;6.91;2.12;33.0;11.12;20.22
East District;Silty;7.34;1.79;39.91;15.28;19.98
North District;Sandy Loam;7.2;2.32;44.62;17.13;23.57
North District;Silty;7.03;2.54;41.37;11.04;19.17
South District;Loamy;6.25;2.0;37.12;12.22;24.47
West District;Loamy;6.8;1.9;37.39;14.91;24.26
East District;Clayey;6.14;1.89;38.25;11.57;18.38
North District;Clayey;6.63;2.12;31.61;15.04;20.01
South District;Clayey;7.2;1.76;31.76;10.81;18.04
East District;Clayey;6.18;2.11;35.54;16.94;24.0
West District;Sandy Loam;6.46;2.32;44.74;14.01;24.76
North District;Loamy;7.21;1.54;40.4;16.57;21.23
North District;Clayey;6.66;1.83;41.59;13.96;24.98
East District;Loamy;6.94;2.02;38.62;15.59;24.63
South District;Sandy Loam;7.36;2.76;37.92;14.52;22.54
North District;Silty;6.64;2.32;36.59;15.51;22.71
South District;Sandy Loam;6.46;2.82;40.62;15.29;20.57
North District;Clayey;6.32;1.9;39.93;11.95;19.24
South District;Clayey;7.12;2.4;37.12;13.33;19.5
North District;Clayey;7.2;1.74;39.93;12.08;18.43
West District;Loamy;6.61;2.32;30.98;17.22;19.74
West District;Silty;6.32;2.06;32.63;13.06;18.37
East District;Loamy;6.31;1.69;32.26;16.94;22.77
West District;Silty;6.5;2.24;32.75;11.58;18.02
North District;Sandy Loam;7.33;1.87;41.07;16.63;24.17
East District;Clayey;7.02;2.02;34.49;16.35;20.02
South District;Loamy;6.44;1.81;30.62;13.39;19.61
South District;Clayey;7.37;2.26;40.32;12.64;20.51
West District;Loamy;6.94;2.68;43.62;11.77;24.95
South District;Sandy Loam;7.08;1.72;39.13;11.84;23.71
North District;Clayey;6.67;2.07;42.47;11.26;24.45
East District;Silty;7.2;1.78;39.66;12.82;20.52
East District;Clayey;6.32;1.94;40.45;16.77;18.8
South District;Sandy Loam;6.55;2.93;33.32;11.39;24.72
North District;Loamy;6.64;1.72;35.87;15.66;19.4
East District;Silty;6.51;2.21;35.03;12.67;22.57
South District;Sandy Loam;6.41;2.18;40.34;12.53;21.83
West District;Clayey;6.13;2.19;31.2;15.27;22.03
West District;Silty;6.71;1.52;35.98;14.99;24.63
South District;Loamy;6.17;1.86;35.14;15.58;22.14
South District;Loamy;6.54;1.98;40.66;12.62;22.22
North District;Clayey;6.07;2.38;40.16;12.09;24.85
East District;Silty;6.78;2.02;34.47;15.6;24.14
East District;Sandy Loam;7.49;2.17;33.9;14.15;20.41
West District;Loamy;6.36;1.92;41.46;10.35;21.19
South District;Sandy Loam;6.96;2.08;39.99;11.02;22.84
North District;Sandy Loam;7.43;2.37;41.31;15.16;22.59
North District;Clayey;6.96;2.55;38.05;17.22;24.08
North District;Sandy Loam;6.9;2.23;42.04;10.32;20.24
East District;Clayey;6.37;2.85;42.74;13.0;21.07
West District;Silty;6.16;2.05;37.16;17.08;20.26
East District;Loamy;6.85;2.64;34.82;11.13;23.4
North District;Sandy Loam;7.15;1.51;44.08;10.74;20.05
North District;Clayey;6.89;1.61;36.79;11.1;20.74
West District;Sandy Loam;6.92;1.82;41.67;13.89;22.19
North District;Sandy Loam;7.19;2.29;33.09;14.1;22.98
South District;Sandy Loam;7.0;2.78;31.69;15.43;19.99
West District;Loamy;6.01;1.87;44.31;12.18;21.99
East District;Clayey;7.14;2.73;30.7;11.13;19.02
North District;Silty;7.07;1.93;30.15;13.76;21.77
North District;Loamy;6.58;1.79;40.76;16.34;20.99
East District;Clayey;6.47;1.83;39.56;11.27;21.51
South District;Loamy;7.46;2.88;39.16;17.78;19.05
South District;Silty;7.26;2.91;37.99;13.5;23.17
East District;Silty;7.13;1.52;36.59;11.09;24.56
South District;Loamy;6.66;1.57;40.22;16.28;18.66
